{"pascal_voc/mAP": 0.8058490753173828, "pascal_voc/AP50": 0.806, "data_time": 0.01605390308361639, "time": 0.2514033748953331}